listing,printed_page,pdf_page,title
"A.1","145","146","Wyznaczanie orbit grupy Z3 na 64 stanach"
"A.2","146","147","Implementacja histogramu orbitowego Phi(X)"
"A.3","147","148","Pełna implementacja odwracalnej warstwy RMIG"
"A.4","148","149","Testy odwracalności i poprawności gradientów"
"A.5","150","151","Benchmark I - problem liniowy"
"A.6","151","152","Benchmark II - problem Z3-symetryczny"
"A.7","153","154","Benchmark III - Orbit Energy Network"
"A.8","154","155","Benchmark IV - Orbit Histogram Network (BOHN)"
"A.9","155","156","Test inwariantności histogramu orbitowego"
"A.10","157","158","SBOHN Eksperyment 1 - dublet z MLP"
"A.11","158","159","Wynik eksperymentu SBOHN-1"
"A.12","158","159","SBOHN Eksperyment 2 - dublet przy małej liczbie danych"
"A.13","159","160","Wynik eksperymentu SBOHN-2"
"A.14","159","160","SBOHN Eksperyment 3 - test liniowy"
"A.15","161","162","Wynik eksperymentu SBOHN-3"
"A.16","161","162","SBOHN Eksperyment 4 - czysty test |x-g(x)|"
"A.17","162","163","Wynik eksperymentu SBOHN-4"
"A.18","162","163","SBOHN Eksperyment 5 - porównanie wariantów cech"
"A.19","163","164","Wynik eksperymentu SBOHN-5"
"A.20","164","165","SBOHN Eksperyment 6 - pełna grupa Z3"
"A.21","165","166","Wynik eksperymentu SBOHN-6"
"A.22","170","171","SBOHN Eksperyment 7 - losowe współrzędne i wagi"
"A.23","171","172","Wynik eksperymentu SBOHN-7"
"A.24","171","172","SBOHN Eksperyment 8 - odporność na błędną symetrię"
"A.25","173","174","Wynik eksperymentu SBOHN-8"
"A.26","174","175","SBOHN Eksperyment 9 - wykrywanie ukrytej symetrii"
"A.27","175","176","Wynik eksperymentu SBOHN-9"
"A.28","176","177","Adaptacyjny Router Permutacji z kryterium Fishera"
"A.29","178","179","Wyniki Adaptive BOHN Soft Router na Iris binarnym"
"A.30","179","180","Symetryzator SO(2) - numeryczna weryfikacja zerowania"
"A.31","179","180","Wynik normy symetryzatora dla różnych x i N"
"A.32","179","180","Porównanie profilu asymetrii numerycznego i analitycznego"
"A.33","179","180","Momenty M1-M6 - numeryczne vs analityczne"
"A.34","180","181","Współczynniki Fouriera dla punktów o tym samym promieniu"
"A.35","180","181","Generacja danych i klasyfikacja SO(2)-SBOHN"
"A.36","180","181","Wyniki klasyfikacji w R4"
"A.37","180","181","Wyniki klasyfikacji w R8"
"A.38","180","181","Inwariantność reprezentacji SO(2)-SBOHN"
"A.39","228","229","Learnable SBOHN - pięciokrokowy pipeline eksperymentalny"
"A.40","236","237","Log-Domain Sinkhorn - testy A-C"
"A.41","240","241","Log-Domain Sinkhorn - testy D-E"
"A.42","246","247","Ujednolicony kod Python dla testów Meta-SBOHN v5/v6"
"A.43","251","252","Inicjalizacja populacji dla curriculum i transferu elit"
"B.1","298","299","Pełny skrypt Python - RMIG-FBOHN i Meta-FBOHN suite"
