block_id,source,printed_pages,pdf_pages,linked_ids,description
"A3-U01","Appendix A.3","181-186","182-187","SD-001","Niepodpisany pełny skrypt SBOHN Net Score / symmetry shift"
"A3-U02","Appendix A.3","186-190","187-191","SD-002","Niepodpisany pełny skrypt negative control z losowymi etykietami"
"A3-U03","Appendix A.3","190-195","191-196","SD-003","Niepodpisany pełny skrypt hidden horizontal flip"
"A3-U04","Appendix A.3","195-197","196-198","SD-004","Niepodpisany pełny skrypt hidden rotate180"
"A3-U05","Appendix A.3","197-199","198-200","ASD-001","Niepodpisany skrypt Autonomous Symmetry Discovery"
"A4-U01","Appendix A.4","199-208","200-209","PL-001","SBOHN-PL permutation learning by evolution"
"A4-U02","Appendix A.4","209-213","210-214","AR-001","SBOHN-AR v1 evolutionary generation"
"A4-U03","Appendix A.4","214-219","215-220","AR-002","SBOHN-AR v2 Generate-Represent-Select"
"A4-U04","Appendix A.4","220-224","221-225","AR-003","SBOHN-AR representation correlation test"
"A4-U05","Appendix A.4","225-227","226-228","AR-004","SBOHN-AR equivalence class test"
"A4-U06","Appendix A.4","227-228","228-229","HD-001;HD-002","Skrypt skalowania wymiaru i liczby próbek"
"A7-U01","Appendix A.7.1","253-255","254-256","AD-001","Perm+Head Adaptation"
"A7-U02","Appendix A.7.2","256-257","257-258","AD-002;AD-003;CL-001;CL-002","Few-Shot Learning i Continual Learning"
"A8-U01","Appendix A.8.1","259-260","260-261","SOTA-001","Porównanie accuracy"
"A8-U02","Appendix A.8.2","260-261","261-262","SOTA-002","Benchmark skalowania inferencji"
"A9-U01","Appendix A.9.1","262-263","263-264","SYS-001;SYS-002","Meta-learned Permutation Generator i MoE Routing"
"A9-U02","Appendix A.9.2","264-266","265-267","SYS-005","System zintegrowany"
"A9-U03","Appendix A.9.3","267-273","268-274","CPU-001;CPU-002;CPU-003;CPU-004;CPU-005","Pełna bateria pięciu testów CPU"
"A10-U01","Appendix A.10.1","274-276","275-277","MOE-001;MOE-009","Partial Unfreeze + MoE"
"A10-U02","Appendix A.10.2","277-280","278-281","MOE-002;MOE-003","Sparse MoE + Gate Specialization Loss"
"A10-U03","Appendix A.10.3","281-285","282-286","MOE-004","Hard Assignment + Gate Distillation"
"A10-U04","Appendix A.10.4","286-290","287-291","MOE-005;MOE-006;MOE-007","LayerNorm vs BatchNorm routing suite"
"A10-U05","Appendix A.10.5","291-297","292-298","MOE-008","Hybrid BN/LN"
"B-U01","Appendix B / Listing B.1","298-307","299-308","RF-001;RF-002;MF-001;MF-002;MF-003;MF-004;MF-005","RMIG-FBOHN i Meta-FBOHN suite"
