index,environment,start_line,end_line,kind,linked_ids,caption,sha256
1,verbatim,308,337,verbatim_block,B-001,,5f11f2c882e452150270c33a6eabe455e007ddecd546e0b11f12d1c1463e6045
2,verbatim,410,434,verbatim_block,B-004,,4355d3324bb2b1d9ce2e71e0ca72ca7c822920378e318c30a5770557504ffda0
3,verbatim,452,459,verbatim_block,B-005,,9796d62ea252dc2d53c65eaf0637ba8bb285425706d68a6395e45feec8d0446e
4,verbatim,477,485,verbatim_block,B-006,,2b6948c11131fc70fadf8d76070e7ccaa89dc99fb10a0cf9903ef8c52448adc2
5,verbatim,503,518,verbatim_block,B-007,,90f02df28d345c5eba8fba5ab94d0e2aa90958bd110fc83c5ae976dee7c1aae5
6,verbatim,536,554,verbatim_block,B-008,,9f564683a5da90803bef701ecae9d5b257cf60801df2dfd5c55d72b071104ef8
7,verbatim,575,608,verbatim_block,B-009,,a4ad288d5edd9cfe6e11d11cd6b7e7bf1e5cdc74a1474fe2702e4dec0bebbc51
8,verbatim,1019,1041,verbatim_block,S-011,,2f017e819e58283e7086cf52307b114f2c38897dcf72ef03f7a8f532341e4eec
9,verbatim,1521,1544,verbatim_block,SD-001,,cd4ebc38a00c9066dab381ddbc190d6dcaf02f2877233e82e0fb41689e09bd95
10,verbatim,1593,1612,verbatim_block,SD-002,,946aa1295f58f981751564be3121cd2ba1cfb22c44a91dfe51eb851cf7d7da42
11,verbatim,1671,1700,verbatim_block,SD-003,,6eccbf77d15cebe796d03f9e59def3b02a5cf2aa5dcd184a8f4dc641e39390b5
12,verbatim,1760,1789,verbatim_block,SD-004,,1641306b8ec9b5fa05c27f23195cc89fefc6272d2f7cbd93a9b7fe5d4090f5e1
13,verbatim,3994,4264,verbatim_block,FR-002;FR-003,,d183057e19fd97eed1681616a560c5bb2a108737f466ccd007e2cfc3847d9ee8
14,verbatim,4270,4290,verbatim_block,FR-002;FR-003,,4decba7124ec00f7a35779c9cdc5f3087c47264e1db73ac0c9fa9d1e38babc62
15,verbatim,4504,4774,verbatim_block,PT-001;PT-002;PT-003;PT-004;PT-005,,e06b7c6e8d3880efb897c5b33495d082937e915dee412ecb1c489262b764d19a
16,verbatim,5477,5495,verbatim_block,AD-001,,3a1135d1713d8b6f9a7eb4c25c477e1827f0abb87ae6907f0816a511b6f22cb7
17,verbatim,5706,5718,verbatim_block,CL-001;CL-002,,ef5c5164f95465dbc50d5a9fe0d97a19fdb25d8866f49336f6479b1fb2a686cb
18,verbatim,6251,6267,verbatim_block,SYS-005,,283172c687b321c0fb8862acb53494f3b3032789db024d09d2efdb774e726405
19,verbatim,6613,6627,verbatim_block,MOE-001;MOE-009,,2e8e9593d8037cfa84a8166ffd16cc558da81fc013a31affc7e64aede8e2ffb4
20,verbatim,7003,7027,verbatim_block,MOE-008,,52887d858a978b2a949985e46185678a2911a33193087a805055c584b45c2bba
