table,printed_page,pdf_page,linked_ids
"4.1","30","31","G-001"
"4.2","41","42","ASD-001"
"5.1","56","57","HD-001"
"5.2","57","58","HD-002"
"6.1","65","66","LS-001"
"6.2","65","66","LS-002"
"6.3","65","66","LS-003"
"6.4","66","67","LS-004"
"6.5","66","67","LS-005"
"6.6","67","68","LS-006"
"6.7","67","68","LD-001"
"6.8","68","69","LD-002"
"6.9","68","69","LD-003"
"6.10","69","70","LD-004"
"6.11","69","70","LD-005"
"7.1","72","73","FR-001"
"7.2","73","74","FR-004"
"7.3","75","76","FR-002"
"7.4","75","76","FR-003"
"7.5","83","84","PT-003"
"7.6","83","84","PT-001"
"7.7","84","85","PT-002"
"7.8","84","85","PT-004"
"7.9","84","85","PT-005"
"7.10","85","86","PT-001;PT-002"
"7.11","85","86","FR-002;FR-003;PT-001;PT-002"
"7.12","91","92","HR-001;HR-002"
"7.13","91","92","HR-004"
"7.14","92","93","HR-001"
"7.15","92","93","HR-002"
"7.16","93","94","HR-005"
"7.17","93","94","HR-006"
"7.18","94","95","HR-007"
"7.19","94","95","HR-006;HR-007"
"8.1","96","97","MS-001"
"8.2","96","97","MS-002"
"8.3","97","98","MS-003"
"8.4","97","98","MS-004"
"8.5","97","98","MS-005"
"8.6","98","99","MS-006"
"8.7","98","99","MS-007;MS-008"
"8.8","98","99","MS-009"
"8.9","99","100","MS-010"
"8.10","99","100","MS-010"
"9.1","101","102","AD-001"
"9.2","101","102","AD-001"
"9.3","102","103","AD-002"
"9.4","102","103","AD-002;AD-003"
"9.5","103","104","CL-001"
"9.6","104","105","CL-002"
"9.7","104","105","CL-001;CL-002"
"10.1","106","107","SOTA-001"
"10.2","107","108","SOTA-001"
"10.3","108","109","SOTA-002"
"10.4","108","109","SOTA-002"
"10.5","108","109","SOTA-002"
"10.6","109","110","SOTA-002"
"10.7","109","110","SOTA-002"
"11.1","111","112","SYS-001"
"11.2","112","113","SYS-002"
"11.3","112","113","SYS-002"
"11.4","113","114","SYS-003"
"11.5","113","114","SYS-003"
"11.6","113","114","SYS-004"
"11.7","114","115","SYS-004"
"11.8","115","116","SYS-005"
"11.9","115","116","SYS-005"
"11.10","115","116","SYS-005"
"11.11","115","116","SYS-005"
"11.12","116","117","CPU-001"
"11.13","116","117","CPU-002"
"11.14","116","117","CPU-002"
"11.15","117","118","CPU-003"
"11.16","117","118","CPU-004"
"11.17","117","118","CPU-004"
"11.18","118","119","CPU-005"
"12.1","120","121","MOE-001"
"12.2","120","121","MOE-001"
"12.3","120","121","MOE-009"
"12.4","121","122","MOE-001;MOE-009"
"12.5","121","122","MOE-002"
"12.6","121","122","MOE-003"
"12.7","122","123","MOE-002;MOE-003"
"12.8","123","124","MOE-004"
"12.9","123","124","MOE-004"
"12.10","123","124","MOE-004"
"12.11","124","125","MOE-005"
"12.12","124","125","MOE-005"
"12.13","124","125","MOE-006"
"12.14","125","126","MOE-007"
"12.15","125","126","MOE-005;MOE-006;MOE-007"
"12.16","126","127","MOE-008"
"12.17","126","127","MOE-008"
"12.18","126","127","MOE-008"
